{
  "wod:2025-09-25": "{\"date\":\"2025-09-25\",\"strength\":{\"title\":\"Max 1 REP Back Squat\",\"description\":\"\",\"scoreHint\":\"1 Rep MAX\",\"recordScore\":true},\"title\":\"Fran\",\"description\":\"21-15-9\\nThrusters 40/30\\nPullups\",\"scoring\":\"for_time\",\"timeCap\":\"12:00\",\"recordMainScore\":true}",
  "wod:2025-10-02": "{\"strength\":{\"title\":\"\",\"description\":\"\",\"scoreHint\":\"\",\"recordScore\":false},\"title\":\"ERG Madness\",\"description\":\"In 30' Window\\nAthlete A: Run 100m + 10 Burpees\\nAthlete B: Max Erg Cal\",\"scoring\":\"amrap\",\"timeCap\":\"30:00\",\"recordMainScore\":true}",
  "scores:2025-09-25": "[{\"id\":\"bba97328-aff3-49a4-9bd8-436a9a1159a4\",\"athlete\":\"Melisa Rudha\",\"team\":\"Coffee Lovers\",\"rxScaled\":\"Scaled\",\"value\":\"05:35\",\"date\":\"2025-09-25\",\"part\":\"main\"},{\"id\":\"b240463e-ab55-46ff-8248-1eb084db223b\",\"athlete\":\"Yannis Tsifoutis\",\"team\":\"Box Jump Over Me\",\"rxScaled\":\"RX\",\"value\":\"11:40\",\"date\":\"2025-09-25\",\"part\":\"main\"},{\"id\":\"f65b2a38-01a9-4328-b06f-027a7731c284\",\"athlete\":\"Vasilis Moudakis\",\"rxScaled\":\"Scaled\",\"value\":\"9.32\",\"date\":\"2025-09-25\",\"part\":\"main\"},{\"id\":\"b30d96da-99b3-449a-91cc-06db6df4b86c\",\"athlete\":\"Anna Sapountzaki\",\"team\":\"Box Jump Over Me\",\"rxScaled\":\"Scaled\",\"value\":\"11:55\",\"date\":\"2025-09-25\",\"part\":\"main\"}]",
  "schedule:config": "{\"byDow\":{\"0\":{\"slots\":[]},\"1\":{\"slots\":[{\"id\":\"822eb4c3-da22-4f4a-b70c-3f3532f45eb5\",\"time\":\"07:00\",\"capacityMain\":12,\"capacityWait\":2,\"label\":\"advanced\"},{\"id\":\"70253e2c-758d-4591-b65a-60d14467a103\",\"time\":\"08:30\",\"capacityMain\":12,\"capacityWait\":2,\"label\":\"novice\"},{\"id\":\"244aee9a-b352-4fd4-847d-2eb984d9b41d\",\"time\":\"09:30\",\"capacityMain\":12,\"capacityWait\":2,\"label\":\"novice\"},{\"id\":\"a50b2d01-a281-49e7-9242-8cc6b5eec9c8\",\"time\":\"10:30\",\"capacityMain\":12,\"capacityWait\":2,\"label\":\"novice\"},{\"id\":\"2b7648c8-e038-4ce6-94ce-3ef0e3ea30c5\",\"time\":\"17:00\",\"capacityMain\":12,\"capacityWait\":2,\"label\":\"novice\"},{\"id\":\"1849862a-1f82-4180-8990-1137b39d0cc7\",\"time\":\"18:00\",\"capacityMain\":12,\"capacityWait\":2,\"label\":\"competitive\"},{\"id\":\"d3dd356c-3651-4dd4-9666-de37613a1ce6\",\"time\":\"19:00\",\"capacityMain\":12,\"capacityWait\":2,\"label\":\"novice\"},{\"id\":\"83091e97-4ab6-405e-aef0-941e5b21726d\",\"time\":\"20:00\",\"capacityMain\":12,\"capacityWait\":2,\"label\":\"novice\"},{\"id\":\"90e7edf0-3f08-4e39-9fcc-1e0379bede3e\",\"time\":\"21:00\",\"capacityMain\":12,\"capacityWait\":2,\"label\":\"novice\"}]},\"2\":{\"slots\":[{\"id\":\"822eb4c3-da22-4f4a-b70c-3f3532f45eb5\",\"time\":\"07:00\",\"capacityMain\":12,\"capacityWait\":2,\"label\":\"advanced\"},{\"id\":\"70253e2c-758d-4591-b65a-60d14467a103\",\"time\":\"08:30\",\"capacityMain\":12,\"capacityWait\":2,\"label\":\"novice\"},{\"id\":\"244aee9a-b352-4fd4-847d-2eb984d9b41d\",\"time\":\"09:30\",\"capacityMain\":12,\"capacityWait\":2,\"label\":\"novice\"},{\"id\":\"a50b2d01-a281-49e7-9242-8cc6b5eec9c8\",\"time\":\"10:30\",\"capacityMain\":12,\"capacityWait\":2,\"label\":\"novice\"},{\"id\":\"2b7648c8-e038-4ce6-94ce-3ef0e3ea30c5\",\"time\":\"17:00\",\"capacityMain\":12,\"capacityWait\":2,\"label\":\"novice\"},{\"id\":\"1849862a-1f82-4180-8990-1137b39d0cc7\",\"time\":\"18:00\",\"capacityMain\":12,\"capacityWait\":2,\"label\":\"competitive\"},{\"id\":\"d3dd356c-3651-4dd4-9666-de37613a1ce6\",\"time\":\"19:00\",\"capacityMain\":12,\"capacityWait\":2,\"label\":\"novice\"},{\"id\":\"83091e97-4ab6-405e-aef0-941e5b21726d\",\"time\":\"20:00\",\"capacityMain\":12,\"capacityWait\":2,\"label\":\"novice\"},{\"id\":\"90e7edf0-3f08-4e39-9fcc-1e0379bede3e\",\"time\":\"21:00\",\"capacityMain\":12,\"capacityWait\":2,\"label\":\"novice\"}]},\"3\":{\"slots\":[{\"id\":\"822eb4c3-da22-4f4a-b70c-3f3532f45eb5\",\"time\":\"07:00\",\"capacityMain\":12,\"capacityWait\":2,\"label\":\"advanced\"},{\"id\":\"70253e2c-758d-4591-b65a-60d14467a103\",\"time\":\"08:30\",\"capacityMain\":12,\"capacityWait\":2,\"label\":\"novice\"},{\"id\":\"244aee9a-b352-4fd4-847d-2eb984d9b41d\",\"time\":\"09:30\",\"capacityMain\":12,\"capacityWait\":2,\"label\":\"novice\"},{\"id\":\"a50b2d01-a281-49e7-9242-8cc6b5eec9c8\",\"time\":\"10:30\",\"capacityMain\":12,\"capacityWait\":2,\"label\":\"novice\"},{\"id\":\"2b7648c8-e038-4ce6-94ce-3ef0e3ea30c5\",\"time\":\"17:00\",\"capacityMain\":12,\"capacityWait\":2,\"label\":\"novice\"},{\"id\":\"1849862a-1f82-4180-8990-1137b39d0cc7\",\"time\":\"18:00\",\"capacityMain\":12,\"capacityWait\":2,\"label\":\"competitive\"},{\"id\":\"d3dd356c-3651-4dd4-9666-de37613a1ce6\",\"time\":\"19:00\",\"capacityMain\":12,\"capacityWait\":2,\"label\":\"novice\"},{\"id\":\"83091e97-4ab6-405e-aef0-941e5b21726d\",\"time\":\"20:00\",\"capacityMain\":12,\"capacityWait\":2,\"label\":\"novice\"},{\"id\":\"90e7edf0-3f08-4e39-9fcc-1e0379bede3e\",\"time\":\"21:00\",\"capacityMain\":12,\"capacityWait\":2,\"label\":\"novice\"}]},\"4\":{\"slots\":[{\"id\":\"822eb4c3-da22-4f4a-b70c-3f3532f45eb5\",\"time\":\"07:00\",\"capacityMain\":12,\"capacityWait\":2,\"label\":\"advanced\"},{\"id\":\"70253e2c-758d-4591-b65a-60d14467a103\",\"time\":\"08:30\",\"capacityMain\":12,\"capacityWait\":2,\"label\":\"novice\"},{\"id\":\"244aee9a-b352-4fd4-847d-2eb984d9b41d\",\"time\":\"09:30\",\"capacityMain\":12,\"capacityWait\":2,\"label\":\"novice\"},{\"id\":\"a50b2d01-a281-49e7-9242-8cc6b5eec9c8\",\"time\":\"10:30\",\"capacityMain\":12,\"capacityWait\":2,\"label\":\"novice\"},{\"id\":\"2b7648c8-e038-4ce6-94ce-3ef0e3ea30c5\",\"time\":\"17:00\",\"capacityMain\":12,\"capacityWait\":2,\"label\":\"novice\"},{\"id\":\"1849862a-1f82-4180-8990-1137b39d0cc7\",\"time\":\"18:00\",\"capacityMain\":12,\"capacityWait\":2,\"label\":\"competitive\"},{\"id\":\"d3dd356c-3651-4dd4-9666-de37613a1ce6\",\"time\":\"19:00\",\"capacityMain\":12,\"capacityWait\":2,\"label\":\"novice\"},{\"id\":\"83091e97-4ab6-405e-aef0-941e5b21726d\",\"time\":\"20:00\",\"capacityMain\":12,\"capacityWait\":2,\"label\":\"novice\"},{\"id\":\"90e7edf0-3f08-4e39-9fcc-1e0379bede3e\",\"time\":\"21:00\",\"capacityMain\":12,\"capacityWait\":2,\"label\":\"novice\"}]},\"5\":{\"slots\":[{\"id\":\"822eb4c3-da22-4f4a-b70c-3f3532f45eb5\",\"time\":\"07:00\",\"capacityMain\":12,\"capacityWait\":2,\"label\":\"advanced\"},{\"id\":\"70253e2c-758d-4591-b65a-60d14467a103\",\"time\":\"08:30\",\"capacityMain\":12,\"capacityWait\":2,\"label\":\"novice\"},{\"id\":\"244aee9a-b352-4fd4-847d-2eb984d9b41d\",\"time\":\"09:30\",\"capacityMain\":12,\"capacityWait\":2,\"label\":\"novice\"},{\"id\":\"a50b2d01-a281-49e7-9242-8cc6b5eec9c8\",\"time\":\"10:30\",\"capacityMain\":12,\"capacityWait\":2,\"label\":\"novice\"},{\"id\":\"2b7648c8-e038-4ce6-94ce-3ef0e3ea30c5\",\"time\":\"17:00\",\"capacityMain\":12,\"capacityWait\":2,\"label\":\"novice\"},{\"id\":\"1849862a-1f82-4180-8990-1137b39d0cc7\",\"time\":\"18:00\",\"capacityMain\":12,\"capacityWait\":2,\"label\":\"competitive\"},{\"id\":\"d3dd356c-3651-4dd4-9666-de37613a1ce6\",\"time\":\"19:00\",\"capacityMain\":12,\"capacityWait\":2,\"label\":\"novice\"},{\"id\":\"83091e97-4ab6-405e-aef0-941e5b21726d\",\"time\":\"20:00\",\"capacityMain\":12,\"capacityWait\":2,\"label\":\"novice\"},{\"id\":\"90e7edf0-3f08-4e39-9fcc-1e0379bede3e\",\"time\":\"21:00\",\"capacityMain\":12,\"capacityWait\":2,\"label\":\"novice\"}]},\"6\":{\"slots\":[{\"id\":\"43d9b5e3-bcfd-4819-aaf5-8693320ec9dc\",\"time\":\"10:00\",\"capacityMain\":12,\"capacityWait\":2,\"label\":\"Group WOD\"},{\"id\":\"8b1b402e-e5c6-4bea-9938-634ffd616f70\",\"time\":\"18:00\",\"capacityMain\":12,\"capacityWait\":2,\"label\":\"Group WOD\"}]}}}",
  "wod:2025-10-24": "{\"title\":\"zdfsdfd\",\"description\":\"asdfasfdasfsdf\",\"scoring\":\"amrap\",\"timeCap\":\"12:00\",\"date\":\"2025-10-24\"}",
  "schedule:overrides": "{\"2025-10-02\":[{\"id\":\"822eb4c3-da22-4f4a-b70c-3f3532f45eb5\",\"time\":\"07:00\",\"capacityMain\":12,\"capacityWait\":2,\"label\":\"Team WOD\"},{\"id\":\"70253e2c-758d-4591-b65a-60d14467a103\",\"time\":\"08:30\",\"capacityMain\":12,\"capacityWait\":2,\"label\":\"Team WOD\"},{\"id\":\"244aee9a-b352-4fd4-847d-2eb984d9b41d\",\"time\":\"09:30\",\"capacityMain\":12,\"capacityWait\":2,\"label\":\"Team WOD\"},{\"id\":\"a50b2d01-a281-49e7-9242-8cc6b5eec9c8\",\"time\":\"10:30\",\"capacityMain\":12,\"capacityWait\":2,\"label\":\"Team WOD\"},{\"id\":\"2b7648c8-e038-4ce6-94ce-3ef0e3ea30c5\",\"time\":\"17:00\",\"capacityMain\":12,\"capacityWait\":2,\"label\":\"Team WOD\"},{\"id\":\"1849862a-1f82-4180-8990-1137b39d0cc7\",\"time\":\"18:00\",\"capacityMain\":12,\"capacityWait\":2,\"label\":\"competitive\"},{\"id\":\"d3dd356c-3651-4dd4-9666-de37613a1ce6\",\"time\":\"19:00\",\"capacityMain\":12,\"capacityWait\":2,\"label\":\"Team WOD\"},{\"id\":\"83091e97-4ab6-405e-aef0-941e5b21726d\",\"time\":\"20:00\",\"capacityMain\":12,\"capacityWait\":2,\"label\":\"Team WOD\"},{\"id\":\"90e7edf0-3f08-4e39-9fcc-1e0379bede3e\",\"time\":\"21:00\",\"capacityMain\":12,\"capacityWait\":2,\"label\":\"Team WOD\"}]}",
  "athletes": "[{\"id\":\"9a0ca2ea-ded5-45bc-be6a-c114641f27c5\",\"firstName\":\"Vasilis\",\"lastName\":\"Moudakis\",\"nickname\":\"Maragkos\",\"dob\":\"1971-10-13\",\"email\":\"moudakis@gmail.com\",\"phone\":\"6937351333\",\"gender\":\"male\",\"heightCm\":174,\"weightKg\":90,\"yearsOfExperience\":3,\"credits\":120,\"emergencyPhone\":\"6937351333\",\"createdAt\":\"2025-09-25T16:00:19.907Z\",\"updatedAt\":\"2025-10-01T09:23:07.098Z\"},{\"id\":\"ff3ba28c-25a1-42ca-baec-9defc43d8170\",\"firstName\":\"Melisa\",\"lastName\":\"Rudha\",\"nickname\":\"Bee\",\"teamName\":\"Coffee Lovers\",\"dob\":\"2000-12-10\",\"email\":\"melisarudha@gmail.com\",\"phone\":\"6947865206\",\"gender\":\"female\",\"heightCm\":167,\"weightKg\":72,\"yearsOfExperience\":0,\"credits\":35,\"notes\":\"Lazy as fuck\",\"createdAt\":\"2025-10-01T07:39:13.392Z\",\"updatedAt\":\"2025-10-01T07:39:13.392Z\"},{\"id\":\"179455a2-323b-4280-ada5-85437f61d792\",\"firstName\":\"Anna\",\"lastName\":\"Sapountzaki\",\"teamName\":\"Box Jump Over Me\",\"dob\":\"1999-11-11\",\"email\":\"a.sapountzaki@gmail.com\",\"phone\":\"6974541254\",\"gender\":\"female\",\"heightCm\":165,\"weightKg\":50,\"yearsOfExperience\":4,\"credits\":150,\"createdAt\":\"2025-09-25T16:01:14.515Z\",\"updatedAt\":\"2025-09-25T16:01:14.515Z\"},{\"id\":\"e7b20b13-6c45-41f0-abf6-b49c45b1aaae\",\"firstName\":\"Yannis\",\"lastName\":\"Tsifoutis\",\"nickname\":\"Rambo\",\"teamName\":\"Box Jump Over Me\",\"dob\":\"1975-07-05\",\"email\":\"jande.og@gmail.com\",\"phone\":\"6987967686\",\"gender\":\"male\",\"heightCm\":178,\"weightKg\":85,\"yearsOfExperience\":7,\"credits\":100,\"notes\":\"Shoulder Pain\",\"createdAt\":\"2025-09-25T15:59:22.408Z\",\"updatedAt\":\"2025-10-01T12:28:02.620Z\"},{\"id\":\"80e1e10f-4770-4b3a-8c74-1c02618da30f\",\"firstName\":\"Giannis\",\"lastName\":\"Ziogos\",\"nickname\":\"Coach\",\"dob\":\"1999-05-03\",\"email\":\"GZGIANZIOGOS@gmail.com\",\"phone\":\"6982909996\",\"isCoach\":true,\"createdAt\":\"2025-10-01T08:13:35.547Z\",\"updatedAt\":\"2025-10-01T08:13:35.547Z\"}]",
  "scores:2025-10-02": "[{\"id\":\"a9b7cc2f-7f3d-45fe-8e14-12c8270c31ec\",\"athlete\":\"Melisa Rudha\",\"team\":\"Coffee Lovers\",\"rxScaled\":\"Scaled\",\"value\":\"220\",\"date\":\"2025-10-02\",\"part\":\"main\"}]",
  "wod:2025-09-24": "{\"date\":\"2025-09-24\",\"strength\":{\"title\":\"Max Strict Pullups\",\"description\":\"3 rounds of:\\n\\nIn 3 min window:\\n10 pushups\\n10 dips\\nmax pullups in remaining time\\nrest 1 min\",\"scoreHint\":\"\",\"recordScore\":true},\"title\":\"Snatch & Burpees\",\"description\":\"2-4-6-8-10....\\nSnatches (60/40)\\nBurpees over Bar\",\"scoring\":\"amrap\",\"timeCap\":\"8\",\"recordMainScore\":true}"
}